"","District","Primary.Type","crime_count","arrest_count","arrest_rate"
"1",1,"ARSON",61,17,0.278688524590164
"2",1,"ASSAULT",6613,1455,0.220021170421896
"3",1,"BATTERY",14576,3720,0.255214050493963
"4",1,"BURGLARY",1905,197,0.103412073490814
"5",1,"CONCEALED CARRY LICENSE VIOLATION",21,19,0.904761904761905
"6",1,"CRIM SEXUAL ASSAULT",326,30,0.0920245398773006
"7",1,"CRIMINAL DAMAGE",7289,593,0.0813554671422692
"8",1,"CRIMINAL SEXUAL ASSAULT",230,15,0.0652173913043478
"9",1,"CRIMINAL TRESPASS",5033,3593,0.713888336975959
"10",1,"DECEPTIVE PRACTICE",15285,1268,0.0829571475302584
"11",1,"GAMBLING",2,2,1
"12",1,"HOMICIDE",68,41,0.602941176470588
"13",1,"HUMAN TRAFFICKING",5,2,0.4
"14",1,"INTERFERENCE WITH PUBLIC OFFICER",206,188,0.912621359223301
"15",1,"INTIMIDATION",73,9,0.123287671232877
"16",1,"KIDNAPPING",35,1,0.0285714285714286
"17",1,"LIQUOR LAW VIOLATION",95,93,0.978947368421053
"18",1,"MOTOR VEHICLE THEFT",3662,189,0.051611141452758
"19",1,"NARCOTICS",1772,1739,0.9813769751693
"20",1,"NON - CRIMINAL",1,0,0
"21",1,"NON-CRIMINAL",14,1,0.0714285714285714
"22",1,"OBSCENITY",19,14,0.736842105263158
"23",1,"OFFENSE INVOLVING CHILDREN",298,50,0.167785234899329
"24",1,"OTHER NARCOTIC VIOLATION",13,10,0.769230769230769
"25",1,"OTHER OFFENSE",4563,427,0.0935787858864782
"26",1,"PROSTITUTION",121,121,1
"27",1,"PUBLIC INDECENCY",17,16,0.941176470588235
"28",1,"PUBLIC PEACE VIOLATION",841,454,0.539833531510107
"29",1,"ROBBERY",3850,630,0.163636363636364
"30",1,"SEX OFFENSE",472,124,0.26271186440678
"31",1,"STALKING",113,16,0.141592920353982
"32",1,"THEFT",55705,8030,0.144152230499955
"33",1,"WEAPONS VIOLATION",812,679,0.836206896551724
"34",2,"ARSON",104,12,0.115384615384615
"35",2,"ASSAULT",9329,1217,0.130453424804373
"36",2,"BATTERY",21491,3895,0.181238658042902
"37",2,"BURGLARY",4320,188,0.0435185185185185
"38",2,"CONCEALED CARRY LICENSE VIOLATION",14,12,0.857142857142857
"39",2,"CRIM SEXUAL ASSAULT",385,33,0.0857142857142857
"40",2,"CRIMINAL DAMAGE",12215,573,0.0469095374539501
"41",2,"CRIMINAL SEXUAL ASSAULT",225,12,0.0533333333333333
"42",2,"CRIMINAL TRESPASS",2545,1349,0.530058939096267
"43",2,"DECEPTIVE PRACTICE",6929,303,0.0437292538605859
"44",2,"GAMBLING",52,52,1
"45",2,"HOMICIDE",262,120,0.458015267175573
"46",2,"HUMAN TRAFFICKING",7,0,0
"47",2,"INTERFERENCE WITH PUBLIC OFFICER",309,276,0.893203883495146
"48",2,"INTIMIDATION",57,5,0.087719298245614
"49",2,"KIDNAPPING",60,4,0.0666666666666667
"50",2,"LIQUOR LAW VIOLATION",45,44,0.977777777777778
"51",2,"MOTOR VEHICLE THEFT",6071,386,0.0635809586559051
"52",2,"NARCOTICS",4248,4208,0.990583804143126
"53",2,"NON - CRIMINAL",2,0,0
"54",2,"NON-CRIMINAL",4,0,0
"55",2,"NON-CRIMINAL (SUBJECT SPECIFIED)",1,0,0
"56",2,"OBSCENITY",36,28,0.777777777777778
"57",2,"OFFENSE INVOLVING CHILDREN",910,95,0.104395604395604
"58",2,"OTHER NARCOTIC VIOLATION",2,1,0.5
"59",2,"OTHER OFFENSE",7757,1042,0.134330282325641
"60",2,"PROSTITUTION",168,163,0.970238095238095
"61",2,"PUBLIC INDECENCY",4,4,1
"62",2,"PUBLIC PEACE VIOLATION",604,365,0.604304635761589
"63",2,"ROBBERY",5130,322,0.0627680311890838
"64",2,"SEX OFFENSE",395,55,0.139240506329114
"65",2,"STALKING",133,17,0.12781954887218
"66",2,"THEFT",24677,1964,0.0795882805851603
"67",2,"WEAPONS VIOLATION",1985,1155,0.581863979848867
"68",3,"ARSON",168,23,0.136904761904762
"69",3,"ASSAULT",11134,1858,0.166876234955991
"70",3,"BATTERY",28506,5522,0.193713604153512
"71",3,"BURGLARY",7388,261,0.0353275582024905
"72",3,"CONCEALED CARRY LICENSE VIOLATION",21,20,0.952380952380952
"73",3,"CRIM SEXUAL ASSAULT",453,46,0.101545253863135
"74",3,"CRIMINAL DAMAGE",15255,865,0.0567027204195346
"75",3,"CRIMINAL SEXUAL ASSAULT",262,16,0.0610687022900763
"76",3,"CRIMINAL TRESPASS",2950,1846,0.625762711864407
"77",3,"DECEPTIVE PRACTICE",5401,273,0.0505461951490465
"78",3,"GAMBLING",116,115,0.991379310344828
"79",3,"HOMICIDE",393,160,0.407124681933842
"80",3,"HUMAN TRAFFICKING",8,0,0
"81",3,"INTERFERENCE WITH PUBLIC OFFICER",566,537,0.948763250883392
"82",3,"INTIMIDATION",62,8,0.129032258064516
"83",3,"KIDNAPPING",93,8,0.0860215053763441
"84",3,"LIQUOR LAW VIOLATION",47,44,0.936170212765957
"85",3,"MOTOR VEHICLE THEFT",5611,344,0.061308144715737
"86",3,"NARCOTICS",5301,5225,0.985663082437276
"87",3,"NON - CRIMINAL",1,0,0
"88",3,"NON-CRIMINAL",4,2,0.5
"89",3,"OBSCENITY",15,12,0.8
"90",3,"OFFENSE INVOLVING CHILDREN",1289,186,0.144297905352987
"91",3,"OTHER NARCOTIC VIOLATION",1,0,0
"92",3,"OTHER OFFENSE",9511,2199,0.231205972032384
"93",3,"PROSTITUTION",96,96,1
"94",3,"PUBLIC PEACE VIOLATION",813,582,0.715867158671587
"95",3,"ROBBERY",5584,305,0.0546203438395415
"96",3,"SEX OFFENSE",413,66,0.159806295399516
"97",3,"STALKING",127,5,0.0393700787401575
"98",3,"THEFT",19603,1245,0.0635106871397235
"99",3,"WEAPONS VIOLATION",3437,2177,0.633401221995927
"100",4,"ARSON",301,29,0.0963455149501661
"101",4,"ASSAULT",13637,2479,0.181784850040331
"102",4,"BATTERY",31407,6425,0.204572229120897
"103",4,"BURGLARY",8123,329,0.0405022774836883
"104",4,"CONCEALED CARRY LICENSE VIOLATION",43,42,0.976744186046512
"105",4,"CRIM SEXUAL ASSAULT",518,66,0.127413127413127
"106",4,"CRIMINAL DAMAGE",18179,998,0.0548985092689367
"107",4,"CRIMINAL SEXUAL ASSAULT",261,23,0.0881226053639847
"108",4,"CRIMINAL TRESPASS",3184,1734,0.544597989949749
"109",4,"DECEPTIVE PRACTICE",6742,289,0.0428656185108276
"110",4,"GAMBLING",82,82,1
"111",4,"HOMICIDE",424,166,0.391509433962264
"112",4,"HUMAN TRAFFICKING",3,1,0.333333333333333
"113",4,"INTERFERENCE WITH PUBLIC OFFICER",842,813,0.965558194774347
"114",4,"INTIMIDATION",68,6,0.0882352941176471
"115",4,"KIDNAPPING",140,6,0.0428571428571429
"116",4,"LIQUOR LAW VIOLATION",125,125,1
"117",4,"MOTOR VEHICLE THEFT",6850,334,0.0487591240875912
"118",4,"NARCOTICS",7256,7242,0.998070562293275
"119",4,"NON - CRIMINAL",1,0,0
"120",4,"NON-CRIMINAL",4,0,0
"121",4,"OBSCENITY",31,24,0.774193548387097
"122",4,"OFFENSE INVOLVING CHILDREN",1802,211,0.117092119866815
"123",4,"OTHER OFFENSE",11252,2851,0.253377177390686
"124",4,"PROSTITUTION",166,166,1
"125",4,"PUBLIC INDECENCY",2,2,1
"126",4,"PUBLIC PEACE VIOLATION",1048,821,0.783396946564885
"127",4,"ROBBERY",5261,363,0.0689982892986124
"128",4,"SEX OFFENSE",500,84,0.168
"129",4,"STALKING",130,17,0.130769230769231
"130",4,"THEFT",23121,1661,0.071839453310843
"131",4,"WEAPONS VIOLATION",4128,2658,0.643895348837209
"132",5,"ARSON",254,18,0.0708661417322835
"133",5,"ASSAULT",10624,2134,0.200865963855422
"134",5,"BATTERY",24397,5262,0.215682256015084
"135",5,"BURGLARY",5994,213,0.0355355355355355
"136",5,"CONCEALED CARRY LICENSE VIOLATION",46,43,0.934782608695652
"137",5,"CRIM SEXUAL ASSAULT",389,45,0.115681233933162
"138",5,"CRIMINAL DAMAGE",14769,816,0.055250863294739
"139",5,"CRIMINAL SEXUAL ASSAULT",175,21,0.12
"140",5,"CRIMINAL TRESPASS",2664,1780,0.668168168168168
"141",5,"DECEPTIVE PRACTICE",4577,208,0.045444614376229
"142",5,"GAMBLING",80,79,0.9875
"143",5,"HOMICIDE",438,145,0.331050228310502
"144",5,"HUMAN TRAFFICKING",4,1,0.25
"145",5,"INTERFERENCE WITH PUBLIC OFFICER",724,696,0.961325966850829
"146",5,"INTIMIDATION",57,8,0.140350877192982
"147",5,"KIDNAPPING",95,7,0.0736842105263158
"148",5,"LIQUOR LAW VIOLATION",46,46,1
"149",5,"MOTOR VEHICLE THEFT",4841,227,0.0468911381945879
"150",5,"NARCOTICS",5877,5858,0.996767058022801
"151",5,"NON - CRIMINAL",3,0,0
"152",5,"NON-CRIMINAL",4,0,0
"153",5,"NON-CRIMINAL (SUBJECT SPECIFIED)",1,1,1
"154",5,"OBSCENITY",20,13,0.65
"155",5,"OFFENSE INVOLVING CHILDREN",1185,142,0.119831223628692
"156",5,"OTHER NARCOTIC VIOLATION",1,1,1
"157",5,"OTHER OFFENSE",8931,2519,0.282051282051282
"158",5,"PROSTITUTION",596,596,1
"159",5,"PUBLIC INDECENCY",3,3,1
"160",5,"PUBLIC PEACE VIOLATION",706,539,0.763456090651558
"161",5,"ROBBERY",3871,258,0.0666494445879618
"162",5,"SEX OFFENSE",346,47,0.135838150289017
"163",5,"STALKING",94,9,0.0957446808510638
"164",5,"THEFT",16859,1862,0.110445459398541
"165",5,"WEAPONS VIOLATION",4512,3104,0.687943262411348
"166",6,"ARSON",265,35,0.132075471698113
"167",6,"ASSAULT",14191,2651,0.186808540624339
"168",6,"BATTERY",33974,7355,0.216489079884618
"169",6,"BURGLARY",7854,369,0.0469824293353705
"170",6,"CONCEALED CARRY LICENSE VIOLATION",71,69,0.971830985915493
"171",6,"CRIM SEXUAL ASSAULT",563,53,0.0941385435168739
"172",6,"CRIMINAL DAMAGE",18337,1168,0.0636963516387632
"173",6,"CRIMINAL SEXUAL ASSAULT",255,14,0.0549019607843137
"174",6,"CRIMINAL TRESPASS",3779,2342,0.619740672135486
"175",6,"DECEPTIVE PRACTICE",7785,613,0.0787411689145793
"176",6,"GAMBLING",92,92,1
"177",6,"HOMICIDE",536,175,0.326492537313433
"178",6,"HUMAN TRAFFICKING",12,1,0.0833333333333333
"179",6,"INTERFERENCE WITH PUBLIC OFFICER",846,785,0.92789598108747
"180",6,"INTIMIDATION",42,6,0.142857142857143
"181",6,"KIDNAPPING",123,8,0.0650406504065041
"182",6,"LIQUOR LAW VIOLATION",63,63,1
"183",6,"MOTOR VEHICLE THEFT",7048,358,0.050794551645857
"184",6,"NARCOTICS",8111,8079,0.996054740475897
"185",6,"NON-CRIMINAL",4,1,0.25
"186",6,"OBSCENITY",17,10,0.588235294117647
"187",6,"OFFENSE INVOLVING CHILDREN",1480,146,0.0986486486486487
"188",6,"OTHER NARCOTIC VIOLATION",3,2,0.666666666666667
"189",6,"OTHER OFFENSE",10226,2274,0.222374339917856
"190",6,"PROSTITUTION",222,222,1
"191",6,"PUBLIC INDECENCY",5,5,1
"192",6,"PUBLIC PEACE VIOLATION",989,778,0.786653185035389
"193",6,"ROBBERY",7036,452,0.0642410460488914
"194",6,"SEX OFFENSE",440,58,0.131818181818182
"195",6,"STALKING",158,8,0.0506329113924051
"196",6,"THEFT",28184,3978,0.141143911439114
"197",6,"WEAPONS VIOLATION",5131,3849,0.750146170337166
"198",7,"ARSON",373,26,0.0697050938337802
"199",7,"ASSAULT",12785,2282,0.178490418459132
"200",7,"BATTERY",32889,5968,0.181458846422816
"201",7,"BURGLARY",6041,287,0.0475086906141367
"202",7,"CONCEALED CARRY LICENSE VIOLATION",89,86,0.966292134831461
"203",7,"CRIM SEXUAL ASSAULT",500,45,0.09
"204",7,"CRIMINAL DAMAGE",15273,921,0.0603024945983107
"205",7,"CRIMINAL SEXUAL ASSAULT",255,17,0.0666666666666667
"206",7,"CRIMINAL TRESPASS",2868,1976,0.688981868898187
"207",7,"DECEPTIVE PRACTICE",4666,517,0.110801543077583
"208",7,"GAMBLING",288,288,1
"209",7,"HOMICIDE",564,189,0.335106382978723
"210",7,"HUMAN TRAFFICKING",7,0,0
"211",7,"INTERFERENCE WITH PUBLIC OFFICER",975,932,0.955897435897436
"212",7,"INTIMIDATION",56,5,0.0892857142857143
"213",7,"KIDNAPPING",119,9,0.0756302521008403
"214",7,"LIQUOR LAW VIOLATION",55,55,1
"215",7,"MOTOR VEHICLE THEFT",5214,377,0.0723053317990027
"216",7,"NARCOTICS",10173,10154,0.998132311019365
"217",7,"NON-CRIMINAL",3,0,0
"218",7,"OBSCENITY",15,11,0.733333333333333
"219",7,"OFFENSE INVOLVING CHILDREN",1290,176,0.136434108527132
"220",7,"OTHER OFFENSE",9571,2905,0.303521053181486
"221",7,"PROSTITUTION",724,724,1
"222",7,"PUBLIC INDECENCY",4,4,1
"223",7,"PUBLIC PEACE VIOLATION",1107,854,0.771454381210479
"224",7,"ROBBERY",5717,365,0.0638446737799545
"225",7,"SEX OFFENSE",429,74,0.172494172494172
"226",7,"STALKING",104,9,0.0865384615384615
"227",7,"THEFT",18745,1193,0.0636436383035476
"228",7,"WEAPONS VIOLATION",5819,4382,0.753050352294209
"229",8,"ARSON",383,28,0.0731070496083551
"230",8,"ASSAULT",12098,2013,0.166391139031245
"231",8,"BATTERY",28231,5919,0.209663136268641
"232",8,"BURGLARY",10480,493,0.0470419847328244
"233",8,"CONCEALED CARRY LICENSE VIOLATION",168,164,0.976190476190476
"234",8,"CRIM SEXUAL ASSAULT",532,97,0.182330827067669
"235",8,"CRIMINAL DAMAGE",21309,1136,0.0533108076399643
"236",8,"CRIMINAL SEXUAL ASSAULT",283,17,0.0600706713780919
"237",8,"CRIMINAL TRESPASS",2971,1517,0.510602490743857
"238",8,"DECEPTIVE PRACTICE",10474,379,0.036184838648081
"239",8,"GAMBLING",129,128,0.992248062015504
"240",8,"HOMICIDE",371,156,0.420485175202156
"241",8,"INTERFERENCE WITH PUBLIC OFFICER",446,431,0.966367713004484
"242",8,"INTIMIDATION",113,7,0.0619469026548673
"243",8,"KIDNAPPING",166,18,0.108433734939759
"244",8,"LIQUOR LAW VIOLATION",127,126,0.992125984251969
"245",8,"MOTOR VEHICLE THEFT",8269,627,0.0758253718708429
"246",8,"NARCOTICS",6714,6641,0.989127196901996
"247",8,"NON - CRIMINAL",9,0,0
"248",8,"NON-CRIMINAL",14,1,0.0714285714285714
"249",8,"NON-CRIMINAL (SUBJECT SPECIFIED)",1,0,0
"250",8,"OBSCENITY",59,46,0.779661016949153
"251",8,"OFFENSE INVOLVING CHILDREN",1784,219,0.122757847533632
"252",8,"OTHER NARCOTIC VIOLATION",2,1,0.5
"253",8,"OTHER OFFENSE",11261,1663,0.147677826125566
"254",8,"PROSTITUTION",506,504,0.99604743083004
"255",8,"PUBLIC INDECENCY",8,8,1
"256",8,"PUBLIC PEACE VIOLATION",1198,852,0.71118530884808
"257",8,"ROBBERY",6114,551,0.0901210336931632
"258",8,"SEX OFFENSE",721,128,0.17753120665742
"259",8,"STALKING",127,11,0.0866141732283465
"260",8,"THEFT",32121,2914,0.0907194670153482
"261",8,"WEAPONS VIOLATION",3232,1894,0.586014851485149
"262",9,"ARSON",342,24,0.0701754385964912
"263",9,"ASSAULT",9472,1667,0.175992398648649
"264",9,"BATTERY",22856,4890,0.21394819740987
"265",9,"BURGLARY",5903,392,0.0664069117397933
"266",9,"CONCEALED CARRY LICENSE VIOLATION",27,26,0.962962962962963
"267",9,"CRIM SEXUAL ASSAULT",332,57,0.171686746987952
"268",9,"CRIMINAL DAMAGE",14533,908,0.0624784972132388
"269",9,"CRIMINAL SEXUAL ASSAULT",209,14,0.0669856459330144
"270",9,"CRIMINAL TRESPASS",2287,1254,0.54831657192829
"271",9,"DECEPTIVE PRACTICE",5803,401,0.0691021885231777
"272",9,"GAMBLING",33,33,1
"273",9,"HOMICIDE",385,157,0.407792207792208
"274",9,"HUMAN TRAFFICKING",3,0,0
"275",9,"INTERFERENCE WITH PUBLIC OFFICER",517,493,0.95357833655706
"276",9,"INTIMIDATION",109,10,0.091743119266055
"277",9,"KIDNAPPING",82,11,0.134146341463415
"278",9,"LIQUOR LAW VIOLATION",175,169,0.965714285714286
"279",9,"MOTOR VEHICLE THEFT",5479,355,0.0647928454097463
"280",9,"NARCOTICS",6280,6235,0.992834394904459
"281",9,"NON - CRIMINAL",4,1,0.25
"282",9,"NON-CRIMINAL",7,0,0
"283",9,"NON-CRIMINAL (SUBJECT SPECIFIED)",1,0,0
"284",9,"OBSCENITY",33,24,0.727272727272727
"285",9,"OFFENSE INVOLVING CHILDREN",1075,207,0.192558139534884
"286",9,"OTHER NARCOTIC VIOLATION",1,1,1
"287",9,"OTHER OFFENSE",7228,1707,0.236164914222468
"288",9,"PROSTITUTION",298,297,0.996644295302013
"289",9,"PUBLIC INDECENCY",5,5,1
"290",9,"PUBLIC PEACE VIOLATION",809,585,0.723114956736712
"291",9,"ROBBERY",4881,541,0.110837943044458
"292",9,"SEX OFFENSE",585,110,0.188034188034188
"293",9,"STALKING",100,13,0.13
"294",9,"THEFT",21954,1994,0.0908262731165164
"295",9,"WEAPONS VIOLATION",3262,1991,0.610361741263029
"296",10,"ARSON",284,19,0.0669014084507042
"297",10,"ASSAULT",9296,1618,0.174053356282272
"298",10,"BATTERY",26166,5291,0.202208973477031
"299",10,"BURGLARY",4104,245,0.0596978557504873
"300",10,"CONCEALED CARRY LICENSE VIOLATION",64,63,0.984375
"301",10,"CRIM SEXUAL ASSAULT",436,53,0.121559633027523
"302",10,"CRIMINAL DAMAGE",13081,914,0.0698723339194251
"303",10,"CRIMINAL SEXUAL ASSAULT",256,20,0.078125
"304",10,"CRIMINAL TRESPASS",2282,1513,0.663014899211218
"305",10,"DECEPTIVE PRACTICE",4161,309,0.0742609949531363
"306",10,"GAMBLING",224,222,0.991071428571429
"307",10,"HOMICIDE",418,129,0.308612440191388
"308",10,"HUMAN TRAFFICKING",1,0,0
"309",10,"INTERFERENCE WITH PUBLIC OFFICER",502,486,0.968127490039841
"310",10,"INTIMIDATION",79,10,0.126582278481013
"311",10,"KIDNAPPING",66,9,0.136363636363636
"312",10,"LIQUOR LAW VIOLATION",213,213,1
"313",10,"MOTOR VEHICLE THEFT",5169,490,0.0947958986264268
"314",10,"NARCOTICS",12962,12856,0.991822249652831
"315",10,"NON - CRIMINAL",4,0,0
"316",10,"NON-CRIMINAL",7,1,0.142857142857143
"317",10,"OBSCENITY",19,16,0.842105263157895
"318",10,"OFFENSE INVOLVING CHILDREN",1144,208,0.181818181818182
"319",10,"OTHER OFFENSE",7278,1887,0.259274525968673
"320",10,"PROSTITUTION",102,102,1
"321",10,"PUBLIC INDECENCY",5,5,1
"322",10,"PUBLIC PEACE VIOLATION",1349,1101,0.816160118606375
"323",10,"ROBBERY",5124,443,0.086455893832943
"324",10,"SEX OFFENSE",510,76,0.149019607843137
"325",10,"STALKING",87,13,0.149425287356322
"326",10,"THEFT",16817,1396,0.0830112386275792
"327",10,"WEAPONS VIOLATION",4274,3171,0.741927936359382
"328",11,"ARSON",351,21,0.0598290598290598
"329",11,"ASSAULT",12353,1935,0.156642111228042
"330",11,"BATTERY",34983,5754,0.164479890232399
"331",11,"BURGLARY",4412,206,0.0466908431550317
"332",11,"CONCEALED CARRY LICENSE VIOLATION",46,45,0.978260869565217
"333",11,"CRIM SEXUAL ASSAULT",555,47,0.0846846846846847
"334",11,"CRIMINAL DAMAGE",15444,958,0.062030562030562
"335",11,"CRIMINAL SEXUAL ASSAULT",324,25,0.0771604938271605
"336",11,"CRIMINAL TRESPASS",3156,1973,0.625158428390368
"337",11,"DECEPTIVE PRACTICE",5285,1004,0.189971617786187
"338",11,"GAMBLING",483,483,1
"339",11,"HOMICIDE",743,231,0.310901749663526
"340",11,"HUMAN TRAFFICKING",7,0,0
"341",11,"INTERFERENCE WITH PUBLIC OFFICER",1371,1294,0.943836615609045
"342",11,"INTIMIDATION",63,9,0.142857142857143
"343",11,"KIDNAPPING",71,6,0.0845070422535211
"344",11,"LIQUOR LAW VIOLATION",103,103,1
"345",11,"MOTOR VEHICLE THEFT",7010,542,0.0773181169757489
"346",11,"NARCOTICS",39525,39457,0.998279569892473
"347",11,"NON - CRIMINAL",2,0,0
"348",11,"NON-CRIMINAL",1,0,0
"349",11,"NON-CRIMINAL (SUBJECT SPECIFIED)",3,1,0.333333333333333
"350",11,"OBSCENITY",25,19,0.76
"351",11,"OFFENSE INVOLVING CHILDREN",1166,215,0.184391080617496
"352",11,"OTHER NARCOTIC VIOLATION",3,1,0.333333333333333
"353",11,"OTHER OFFENSE",9365,2429,0.259369994660972
"354",11,"PROSTITUTION",3541,3540,0.999717593900028
"355",11,"PUBLIC INDECENCY",2,2,1
"356",11,"PUBLIC PEACE VIOLATION",1559,1116,0.715843489416292
"357",11,"RITUALISM",1,0,0
"358",11,"ROBBERY",8252,505,0.0611972855065439
"359",11,"SEX OFFENSE",436,76,0.174311926605505
"360",11,"STALKING",102,9,0.0882352941176471
"361",11,"THEFT",19156,1087,0.0567446230945918
"362",11,"WEAPONS VIOLATION",5561,4207,0.756518611760475
"363",12,"ARSON",164,13,0.0792682926829268
"364",12,"ASSAULT",8392,1201,0.143112488083889
"365",12,"BATTERY",19060,3476,0.182371458551941
"366",12,"BURGLARY",6036,504,0.0834990059642147
"367",12,"CONCEALED CARRY LICENSE VIOLATION",25,24,0.96
"368",12,"CRIM SEXUAL ASSAULT",431,32,0.074245939675174
"369",12,"CRIMINAL DAMAGE",14178,572,0.0403441952320497
"370",12,"CRIMINAL SEXUAL ASSAULT",258,16,0.062015503875969
"371",12,"CRIMINAL TRESPASS",2856,1581,0.553571428571429
"372",12,"DECEPTIVE PRACTICE",8328,369,0.0443083573487032
"373",12,"GAMBLING",42,40,0.952380952380952
"374",12,"HOMICIDE",227,74,0.325991189427313
"375",12,"HUMAN TRAFFICKING",7,0,0
"376",12,"INTERFERENCE WITH PUBLIC OFFICER",235,219,0.931914893617021
"377",12,"INTIMIDATION",85,8,0.0941176470588235
"378",12,"KIDNAPPING",35,4,0.114285714285714
"379",12,"LIQUOR LAW VIOLATION",213,208,0.976525821596244
"380",12,"MOTOR VEHICLE THEFT",7304,401,0.0549014238773275
"381",12,"NARCOTICS",3812,3758,0.985834207764953
"382",12,"NON - CRIMINAL",2,1,0.5
"383",12,"NON-CRIMINAL",9,1,0.111111111111111
"384",12,"OBSCENITY",24,22,0.916666666666667
"385",12,"OFFENSE INVOLVING CHILDREN",796,88,0.110552763819095
"386",12,"OTHER NARCOTIC VIOLATION",2,2,1
"387",12,"OTHER OFFENSE",6224,869,0.139620822622108
"388",12,"PROSTITUTION",197,194,0.984771573604061
"389",12,"PUBLIC INDECENCY",2,2,1
"390",12,"PUBLIC PEACE VIOLATION",702,428,0.60968660968661
"391",12,"ROBBERY",5155,496,0.0962172647914646
"392",12,"SEX OFFENSE",539,73,0.13543599257885
"393",12,"STALKING",131,14,0.106870229007634
"394",12,"THEFT",39489,2742,0.0694370584213325
"395",12,"WEAPONS VIOLATION",1269,918,0.723404255319149
"396",14,"ARSON",127,12,0.094488188976378
"397",14,"ASSAULT",5101,994,0.19486375220545
"398",14,"BATTERY",12350,2815,0.227935222672065
"399",14,"BURGLARY",5494,265,0.0482344375682563
"400",14,"CONCEALED CARRY LICENSE VIOLATION",11,10,0.909090909090909
"401",14,"CRIM SEXUAL ASSAULT",274,32,0.116788321167883
"402",14,"CRIMINAL DAMAGE",10139,628,0.0619390472433179
"403",14,"CRIMINAL SEXUAL ASSAULT",160,14,0.0875
"404",14,"CRIMINAL TRESPASS",1930,960,0.49740932642487
"405",14,"DECEPTIVE PRACTICE",5748,267,0.0464509394572025
"406",14,"GAMBLING",4,3,0.75
"407",14,"HOMICIDE",106,56,0.528301886792453
"408",14,"INTERFERENCE WITH PUBLIC OFFICER",157,150,0.955414012738854
"409",14,"INTIMIDATION",28,1,0.0357142857142857
"410",14,"KIDNAPPING",29,4,0.137931034482759
"411",14,"LIQUOR LAW VIOLATION",159,159,1
"412",14,"MOTOR VEHICLE THEFT",4503,233,0.0517432822562736
"413",14,"NARCOTICS",1815,1807,0.995592286501377
"414",14,"NON - CRIMINAL",1,0,0
"415",14,"NON-CRIMINAL",3,1,0.333333333333333
"416",14,"OBSCENITY",11,7,0.636363636363636
"417",14,"OFFENSE INVOLVING CHILDREN",508,75,0.147637795275591
"418",14,"OTHER NARCOTIC VIOLATION",1,1,1
"419",14,"OTHER OFFENSE",4307,879,0.204086371023915
"420",14,"PROSTITUTION",34,34,1
"421",14,"PUBLIC INDECENCY",5,5,1
"422",14,"PUBLIC PEACE VIOLATION",382,226,0.591623036649215
"423",14,"ROBBERY",3580,309,0.0863128491620112
"424",14,"SEX OFFENSE",379,60,0.158311345646438
"425",14,"STALKING",71,11,0.154929577464789
"426",14,"THEFT",30247,1982,0.0655271597183192
"427",14,"WEAPONS VIOLATION",854,475,0.556206088992974
"428",15,"ARSON",248,24,0.0967741935483871
"429",15,"ASSAULT",8482,1566,0.184626267389767
"430",15,"BATTERY",24325,4601,0.189146968139774
"431",15,"BURGLARY",3016,152,0.0503978779840849
"432",15,"CONCEALED CARRY LICENSE VIOLATION",13,13,1
"433",15,"CRIM SEXUAL ASSAULT",372,41,0.110215053763441
"434",15,"CRIMINAL DAMAGE",10577,654,0.0618322775834358
"435",15,"CRIMINAL SEXUAL ASSAULT",226,15,0.0663716814159292
"436",15,"CRIMINAL TRESPASS",2033,1312,0.645351696999508
"437",15,"DECEPTIVE PRACTICE",3901,168,0.0430658805434504
"438",15,"GAMBLING",284,284,1
"439",15,"HOMICIDE",441,171,0.387755102040816
"440",15,"HUMAN TRAFFICKING",6,2,0.333333333333333
"441",15,"INTERFERENCE WITH PUBLIC OFFICER",626,578,0.92332268370607
"442",15,"INTIMIDATION",51,6,0.117647058823529
"443",15,"KIDNAPPING",61,4,0.0655737704918033
"444",15,"LIQUOR LAW VIOLATION",46,46,1
"445",15,"MOTOR VEHICLE THEFT",4837,306,0.0632623526979533
"446",15,"NARCOTICS",14707,14672,0.997620180866254
"447",15,"NON - CRIMINAL",1,1,1
"448",15,"NON-CRIMINAL",3,0,0
"449",15,"OBSCENITY",14,13,0.928571428571429
"450",15,"OFFENSE INVOLVING CHILDREN",852,128,0.150234741784038
"451",15,"OTHER NARCOTIC VIOLATION",1,0,0
"452",15,"OTHER OFFENSE",6872,1398,0.203434225844005
"453",15,"PROSTITUTION",206,205,0.995145631067961
"454",15,"PUBLIC INDECENCY",4,4,1
"455",15,"PUBLIC PEACE VIOLATION",854,576,0.674473067915691
"456",15,"ROBBERY",4837,344,0.0711184618565226
"457",15,"SEX OFFENSE",329,47,0.142857142857143
"458",15,"STALKING",61,13,0.213114754098361
"459",15,"THEFT",13171,760,0.0577025282818313
"460",15,"WEAPONS VIOLATION",2865,1985,0.692844677137871
"461",16,"ARSON",103,17,0.16504854368932
"462",16,"ASSAULT",3983,736,0.184785337685162
"463",16,"BATTERY",9174,1982,0.216045345541748
"464",16,"BURGLARY",3617,189,0.0522532485485209
"465",16,"CONCEALED CARRY LICENSE VIOLATION",7,7,1
"466",16,"CRIM SEXUAL ASSAULT",154,23,0.149350649350649
"467",16,"CRIMINAL DAMAGE",6885,363,0.052723311546841
"468",16,"CRIMINAL SEXUAL ASSAULT",95,12,0.126315789473684
"469",16,"CRIMINAL TRESPASS",1483,638,0.430209035738368
"470",16,"DECEPTIVE PRACTICE",5198,131,0.0252020007695267
"471",16,"GAMBLING",2,2,1
"472",16,"HOMICIDE",46,36,0.782608695652174
"473",16,"HUMAN TRAFFICKING",5,0,0
"474",16,"INTERFERENCE WITH PUBLIC OFFICER",103,94,0.912621359223301
"475",16,"INTIMIDATION",52,5,0.0961538461538462
"476",16,"KIDNAPPING",75,5,0.0666666666666667
"477",16,"LIQUOR LAW VIOLATION",81,81,1
"478",16,"MOTOR VEHICLE THEFT",2668,136,0.0509745127436282
"479",16,"NARCOTICS",1803,1793,0.994453688297282
"480",16,"NON - CRIMINAL",4,2,0.5
"481",16,"NON-CRIMINAL",5,0,0
"482",16,"OBSCENITY",24,21,0.875
"483",16,"OFFENSE INVOLVING CHILDREN",556,88,0.158273381294964
"484",16,"OTHER NARCOTIC VIOLATION",5,2,0.4
"485",16,"OTHER OFFENSE",4358,534,0.122533272143185
"486",16,"PROSTITUTION",13,13,1
"487",16,"PUBLIC INDECENCY",1,1,1
"488",16,"PUBLIC PEACE VIOLATION",244,108,0.442622950819672
"489",16,"ROBBERY",1025,114,0.111219512195122
"490",16,"SEX OFFENSE",297,48,0.161616161616162
"491",16,"STALKING",70,8,0.114285714285714
"492",16,"THEFT",12354,728,0.0589282823377044
"493",16,"WEAPONS VIOLATION",438,251,0.573059360730594
"494",17,"ARSON",131,14,0.106870229007634
"495",17,"ASSAULT",4490,636,0.141648106904232
"496",17,"BATTERY",11753,2229,0.18965370543691
"497",17,"BURGLARY",4407,161,0.0365327887451781
"498",17,"CONCEALED CARRY LICENSE VIOLATION",7,7,1
"499",17,"CRIM SEXUAL ASSAULT",240,28,0.116666666666667
"500",17,"CRIMINAL DAMAGE",9238,391,0.0423251786100888
"501",17,"CRIMINAL SEXUAL ASSAULT",156,16,0.102564102564103
"502",17,"CRIMINAL TRESPASS",1336,369,0.276197604790419
"503",17,"DECEPTIVE PRACTICE",5048,172,0.0340729001584786
"504",17,"GAMBLING",18,17,0.944444444444444
"505",17,"HOMICIDE",85,54,0.635294117647059
"506",17,"HUMAN TRAFFICKING",2,1,0.5
"507",17,"INTERFERENCE WITH PUBLIC OFFICER",94,79,0.840425531914894
"508",17,"INTIMIDATION",53,4,0.0754716981132075
"509",17,"KIDNAPPING",44,6,0.136363636363636
"510",17,"LIQUOR LAW VIOLATION",100,100,1
"511",17,"MOTOR VEHICLE THEFT",4198,198,0.0471653168175322
"512",17,"NARCOTICS",1851,1833,0.990275526742301
"513",17,"NON-CRIMINAL",6,0,0
"514",17,"OBSCENITY",18,13,0.722222222222222
"515",17,"OFFENSE INVOLVING CHILDREN",611,111,0.181669394435352
"516",17,"OTHER NARCOTIC VIOLATION",2,0,0
"517",17,"OTHER OFFENSE",4360,604,0.138532110091743
"518",17,"PROSTITUTION",64,64,1
"519",17,"PUBLIC INDECENCY",1,1,1
"520",17,"PUBLIC PEACE VIOLATION",331,173,0.522658610271903
"521",17,"ROBBERY",2439,227,0.0930709307093071
"522",17,"SEX OFFENSE",394,62,0.157360406091371
"523",17,"STALKING",54,8,0.148148148148148
"524",17,"THEFT",19301,1781,0.0922750116574271
"525",17,"WEAPONS VIOLATION",723,319,0.441217150760719
"526",18,"ARSON",60,12,0.2
"527",18,"ASSAULT",5360,1025,0.191231343283582
"528",18,"BATTERY",14891,3704,0.24874085017796
"529",18,"BURGLARY",3328,304,0.0913461538461538
"530",18,"CONCEALED CARRY LICENSE VIOLATION",24,21,0.875
"531",18,"CRIM SEXUAL ASSAULT",497,28,0.0563380281690141
"532",18,"CRIMINAL DAMAGE",7835,475,0.0606253988513082
"533",18,"CRIMINAL SEXUAL ASSAULT",457,22,0.0481400437636762
"534",18,"CRIMINAL TRESPASS",4084,2539,0.621694417238002
"535",18,"DECEPTIVE PRACTICE",15410,1111,0.0720960415314731
"536",18,"GAMBLING",14,14,1
"537",18,"HOMICIDE",66,41,0.621212121212121
"538",18,"HUMAN TRAFFICKING",3,0,0
"539",18,"INTERFERENCE WITH PUBLIC OFFICER",243,225,0.925925925925926
"540",18,"INTIMIDATION",75,7,0.0933333333333333
"541",18,"KIDNAPPING",46,7,0.152173913043478
"542",18,"LIQUOR LAW VIOLATION",335,324,0.967164179104478
"543",18,"MOTOR VEHICLE THEFT",3974,271,0.068193256165073
"544",18,"NARCOTICS",1738,1711,0.984464902186421
"545",18,"NON - CRIMINAL",1,0,0
"546",18,"NON-CRIMINAL",11,2,0.181818181818182
"547",18,"OBSCENITY",18,13,0.722222222222222
"548",18,"OFFENSE INVOLVING CHILDREN",282,47,0.166666666666667
"549",18,"OTHER NARCOTIC VIOLATION",4,4,1
"550",18,"OTHER OFFENSE",3800,303,0.0797368421052632
"551",18,"PROSTITUTION",238,228,0.957983193277311
"552",18,"PUBLIC INDECENCY",9,9,1
"553",18,"PUBLIC PEACE VIOLATION",659,360,0.546282245827011
"554",18,"ROBBERY",3788,459,0.12117212249208
"555",18,"SEX OFFENSE",520,88,0.169230769230769
"556",18,"STALKING",112,14,0.125
"557",18,"THEFT",55752,6236,0.111852489596786
"558",18,"WEAPONS VIOLATION",1033,906,0.877057115198451
"559",19,"ARSON",115,18,0.156521739130435
"560",19,"ASSAULT",5655,1181,0.208841732979664
"561",19,"BATTERY",15246,3767,0.247081201626656
"562",19,"BURGLARY",6172,445,0.072099805573558
"563",19,"CONCEALED CARRY LICENSE VIOLATION",22,21,0.954545454545455
"564",19,"CRIM SEXUAL ASSAULT",509,34,0.0667976424361493
"565",19,"CRIMINAL DAMAGE",10731,610,0.0568446556704874
"566",19,"CRIMINAL SEXUAL ASSAULT",311,20,0.0643086816720257
"567",19,"CRIMINAL TRESPASS",3498,1757,0.502287021154946
"568",19,"DECEPTIVE PRACTICE",12363,669,0.0541130793496724
"569",19,"GAMBLING",8,8,1
"570",19,"HOMICIDE",61,31,0.508196721311475
"571",19,"HUMAN TRAFFICKING",1,1,1
"572",19,"INTERFERENCE WITH PUBLIC OFFICER",166,152,0.91566265060241
"573",19,"INTIMIDATION",80,6,0.075
"574",19,"KIDNAPPING",35,2,0.0571428571428571
"575",19,"LIQUOR LAW VIOLATION",226,225,0.995575221238938
"576",19,"MOTOR VEHICLE THEFT",4781,228,0.047688768040159
"577",19,"NARCOTICS",2428,2421,0.997116968698517
"578",19,"NON-CRIMINAL",21,2,0.0952380952380952
"579",19,"OBSCENITY",28,23,0.821428571428571
"580",19,"OFFENSE INVOLVING CHILDREN",404,57,0.141089108910891
"581",19,"OTHER NARCOTIC VIOLATION",6,6,1
"582",19,"OTHER OFFENSE",4859,597,0.122864786993208
"583",19,"PROSTITUTION",30,30,1
"584",19,"PUBLIC INDECENCY",9,9,1
"585",19,"PUBLIC PEACE VIOLATION",647,415,0.641421947449768
"586",19,"ROBBERY",3915,455,0.116219667943806
"587",19,"SEX OFFENSE",537,119,0.221601489757914
"588",19,"STALKING",100,12,0.12
"589",19,"THEFT",41864,3389,0.0809526084463979
"590",19,"WEAPONS VIOLATION",466,331,0.710300429184549
"591",20,"ARSON",37,8,0.216216216216216
"592",20,"ASSAULT",3099,580,0.187157147466925
"593",20,"BATTERY",7911,1798,0.227278473012261
"594",20,"BURGLARY",2137,137,0.0641085634066448
"595",20,"CONCEALED CARRY LICENSE VIOLATION",4,4,1
"596",20,"CRIM SEXUAL ASSAULT",221,14,0.0633484162895928
"597",20,"CRIMINAL DAMAGE",4607,281,0.0609941393531582
"598",20,"CRIMINAL SEXUAL ASSAULT",162,7,0.0432098765432099
"599",20,"CRIMINAL TRESPASS",1345,592,0.440148698884758
"600",20,"DECEPTIVE PRACTICE",4382,128,0.0292104062072113
"601",20,"GAMBLING",10,10,1
"602",20,"HOMICIDE",35,22,0.628571428571429
"603",20,"INTERFERENCE WITH PUBLIC OFFICER",83,75,0.903614457831325
"604",20,"INTIMIDATION",27,2,0.0740740740740741
"605",20,"KIDNAPPING",28,7,0.25
"606",20,"LIQUOR LAW VIOLATION",39,39,1
"607",20,"MOTOR VEHICLE THEFT",1705,112,0.0656891495601173
"608",20,"NARCOTICS",1125,1122,0.997333333333333
"609",20,"NON-CRIMINAL",3,0,0
"610",20,"OBSCENITY",5,5,1
"611",20,"OFFENSE INVOLVING CHILDREN",243,51,0.209876543209877
"612",20,"OTHER NARCOTIC VIOLATION",1,1,1
"613",20,"OTHER OFFENSE",2668,359,0.13455772113943
"614",20,"PROSTITUTION",8,8,1
"615",20,"PUBLIC INDECENCY",1,1,1
"616",20,"PUBLIC PEACE VIOLATION",217,125,0.576036866359447
"617",20,"ROBBERY",1214,151,0.124382207578254
"618",20,"SEX OFFENSE",248,60,0.241935483870968
"619",20,"STALKING",43,7,0.162790697674419
"620",20,"THEFT",12457,1260,0.101147948944369
"621",20,"WEAPONS VIOLATION",250,147,0.588
"622",22,"ARSON",119,15,0.126050420168067
"623",22,"ASSAULT",6550,1044,0.159389312977099
"624",22,"BATTERY",14593,2713,0.185911053244706
"625",22,"BURGLARY",4264,234,0.0548780487804878
"626",22,"CONCEALED CARRY LICENSE VIOLATION",23,22,0.956521739130435
"627",22,"CRIM SEXUAL ASSAULT",239,30,0.125523012552301
"628",22,"CRIMINAL DAMAGE",10137,526,0.051889119068758
"629",22,"CRIMINAL SEXUAL ASSAULT",140,6,0.0428571428571429
"630",22,"CRIMINAL TRESPASS",2062,1047,0.507759456838021
"631",22,"DECEPTIVE PRACTICE",6400,203,0.03171875
"632",22,"GAMBLING",34,34,1
"633",22,"HOMICIDE",218,71,0.325688073394495
"634",22,"HUMAN TRAFFICKING",2,0,0
"635",22,"INTERFERENCE WITH PUBLIC OFFICER",325,314,0.966153846153846
"636",22,"INTIMIDATION",41,3,0.0731707317073171
"637",22,"KIDNAPPING",135,4,0.0296296296296296
"638",22,"LIQUOR LAW VIOLATION",55,55,1
"639",22,"MOTOR VEHICLE THEFT",3979,216,0.0542849962302086
"640",22,"NARCOTICS",3510,3501,0.997435897435897
"641",22,"NON-CRIMINAL",3,0,0
"642",22,"OBSCENITY",19,12,0.631578947368421
"643",22,"OFFENSE INVOLVING CHILDREN",1042,82,0.0786948176583493
"644",22,"OTHER OFFENSE",6531,1290,0.197519522278365
"645",22,"PROSTITUTION",11,11,1
"646",22,"PUBLIC INDECENCY",3,3,1
"647",22,"PUBLIC PEACE VIOLATION",475,329,0.692631578947368
"648",22,"ROBBERY",2746,240,0.0873998543335761
"649",22,"SEX OFFENSE",294,47,0.159863945578231
"650",22,"STALKING",66,9,0.136363636363636
"651",22,"THEFT",16517,1509,0.091360416540534
"652",22,"WEAPONS VIOLATION",1754,1469,0.83751425313569
"653",24,"ARSON",72,19,0.263888888888889
"654",24,"ASSAULT",5197,919,0.176832788147008
"655",24,"BATTERY",13807,2918,0.211342072861592
"656",24,"BURGLARY",3829,297,0.0775659441107339
"657",24,"CONCEALED CARRY LICENSE VIOLATION",6,5,0.833333333333333
"658",24,"CRIM SEXUAL ASSAULT",292,36,0.123287671232877
"659",24,"CRIMINAL DAMAGE",9308,431,0.0463042544048131
"660",24,"CRIMINAL SEXUAL ASSAULT",198,16,0.0808080808080808
"661",24,"CRIMINAL TRESPASS",2187,1075,0.491540923639689
"662",24,"DECEPTIVE PRACTICE",5615,193,0.0343722172751558
"663",24,"GAMBLING",10,10,1
"664",24,"HOMICIDE",97,49,0.505154639175258
"665",24,"HUMAN TRAFFICKING",1,0,0
"666",24,"INTERFERENCE WITH PUBLIC OFFICER",206,188,0.912621359223301
"667",24,"INTIMIDATION",48,3,0.0625
"668",24,"KIDNAPPING",28,5,0.178571428571429
"669",24,"LIQUOR LAW VIOLATION",91,91,1
"670",24,"MOTOR VEHICLE THEFT",2961,171,0.0577507598784195
"671",24,"NARCOTICS",2215,2201,0.993679458239278
"672",24,"NON-CRIMINAL",3,0,0
"673",24,"OBSCENITY",25,18,0.72
"674",24,"OFFENSE INVOLVING CHILDREN",577,95,0.164644714038128
"675",24,"OTHER NARCOTIC VIOLATION",3,1,0.333333333333333
"676",24,"OTHER OFFENSE",4772,541,0.113369656328583
"677",24,"PROSTITUTION",78,78,1
"678",24,"PUBLIC INDECENCY",3,3,1
"679",24,"PUBLIC PEACE VIOLATION",318,192,0.60377358490566
"680",24,"ROBBERY",2680,318,0.11865671641791
"681",24,"SEX OFFENSE",478,75,0.156903765690377
"682",24,"STALKING",76,12,0.157894736842105
"683",24,"THEFT",19698,1635,0.0830033505939689
"684",24,"WEAPONS VIOLATION",706,437,0.618980169971671
"685",25,"ARSON",338,19,0.0562130177514793
"686",25,"ASSAULT",9880,1672,0.169230769230769
"687",25,"BATTERY",25216,5356,0.212404822335025
"688",25,"BURGLARY",6431,409,0.0635981962369771
"689",25,"CONCEALED CARRY LICENSE VIOLATION",38,38,1
"690",25,"CRIM SEXUAL ASSAULT",505,89,0.176237623762376
"691",25,"CRIMINAL DAMAGE",14742,812,0.0550807217473884
"692",25,"CRIMINAL SEXUAL ASSAULT",239,14,0.0585774058577406
"693",25,"CRIMINAL TRESPASS",2239,1199,0.535506922733363
"694",25,"DECEPTIVE PRACTICE",7759,310,0.0399536022683335
"695",25,"GAMBLING",53,53,1
"696",25,"HOMICIDE",268,125,0.466417910447761
"697",25,"HUMAN TRAFFICKING",3,0,0
"698",25,"INTERFERENCE WITH PUBLIC OFFICER",617,590,0.956239870340357
"699",25,"INTIMIDATION",92,9,0.0978260869565217
"700",25,"KIDNAPPING",104,6,0.0576923076923077
"701",25,"LIQUOR LAW VIOLATION",124,121,0.975806451612903
"702",25,"MOTOR VEHICLE THEFT",7837,484,0.0617583258900089
"703",25,"NARCOTICS",7835,7796,0.995022335673261
"704",25,"NON-CRIMINAL",11,0,0
"705",25,"OBSCENITY",31,20,0.645161290322581
"706",25,"OFFENSE INVOLVING CHILDREN",1572,280,0.178117048346056
"707",25,"OTHER NARCOTIC VIOLATION",4,2,0.5
"708",25,"OTHER OFFENSE",10523,2464,0.234153758433907
"709",25,"PROSTITUTION",730,729,0.998630136986301
"710",25,"PUBLIC INDECENCY",3,3,1
"711",25,"PUBLIC PEACE VIOLATION",850,523,0.615294117647059
"712",25,"ROBBERY",4784,361,0.0754598662207358
"713",25,"SEX OFFENSE",640,132,0.20625
"714",25,"STALKING",90,12,0.133333333333333
"715",25,"THEFT",25329,3566,0.140787239922618
"716",25,"WEAPONS VIOLATION",2969,1892,0.637251599865274
